ID,Part Number,x,y,rotation,sector
1,D1,2.6314980737335802,-3.432323249336586,142.52329215011352,A0
2,D2,6.6341402221767405,-2.4227773688813072,110.06211240030277,A1
3,D3,7.637436248164726,-6.436839355503045,310.1242248006055,A2
4,D4,10.20519716772547,-11.249740401501779,137.78726985140008,A3
5,D5,11.903117108715756,-6.255944753821352,117.72515745109712,A4
6,D6,11.340682831759906,-1.525872835273683,97.66304505079457,A5
7,D7,14.510406631432163,1.2021575287053057,445.263977701287,A6
8,D8,18.494384058059687,-0.9456302905051409,272.92702275208194,A7
9,D9,15.60716658558651,-4.277277308025745,285.3260901015891,A8
10,D10,14.394604121899459,-10.225252507418181,305.3882025018921,A9
11,D11,15.375157116041393,-14.363298204928714,133.05124755268625,A10
12,D12,18.245542878621976,-7.7406905418293865,112.98913515238411,A11
13,D13,21.397908042091572,-4.000670538238078,100.5900678028761,A12
14,D14,23.54528695123329,0.7436424212953356,628.1910004533681,A13
15,D15,26.052597510813076,-2.6711569789593073,275.8540455041639,A14
16,D16,23.355523641364115,-7.702903593516866,288.25311285367025,A15
17,D17,19.68810802115921,-11.667729108406936,300.65218020317826,A16
18,D18,20.075893604792487,-15.863649358487855,308.31522525397406,A17
19,D19,15.165332884426464,-18.537848989869346,320.714292603482,A18
20,D20,17.948180511044523,-24.38110828783141,143.64131535556237,A19
21,D21,19.478366174087153,-20.155135851394732,135.97827030476822,A20
22,D22,24.526835354128487,-16.28276100189419,123.57920295526183,A21
23,D23,24.396979410239307,-11.855040235684253,115.91615790446443,A22
24,D24,27.78827107721337,-6.680140882195043,103.51709055495806,A23
25,D25,29.958774448077214,-0.5846653480716948,91.11802320544844,A24
26,D26,33.24827002382955,2.1022901217127137,626.3820009067363,A25
27,D27,31.699102760015595,-4.896555851817868,278.7810682562458,A26
28,D28,32.662105426862595,-9.640312188125094,286.44411330703997,A27
29,D29,28.705982904486973,-11.122868881451774,291.1801356057522,A28
30,D30,28.76898639988901,-15.844130244026273,298.84318065654634,A29
31,D31,23.749928994801866,-20.822444767010495,311.242248006056,A30
32,D32,22.08168054163839,-25.317426662091112,318.90529305685016,A31
33,D33,26.262502552971103,-25.511776718250207,134.16927075813794,A32
34,D34,27.95568570981836,-20.690820504767903,126.50622570734053,A33
35,D35,32.05508682796135,-19.851924552845215,121.77020340863157,A34
36,D36,32.79278289174147,-14.673837780727574,114.10715835783417,A35
37,D37,36.266499716118865,-7.5157721941317055,101.7080910083278,A36
38,D38,35.137333576189455,-2.4848033099065447,94.04504595753039,A37
39,D39,38.112888338635265,0.45965656025640667,629.3090236588149,A38
40,D40,39.50199189873924,-4.830688636064874,276.97206870961236,A39
41,D41,40.06519603345991,-10.46242603161878,284.63511376040975,A40
42,D42,36.5700214336856,-12.857633556495097,289.3711360591187,A41
43,D43,36.001857179315564,-18.37092439082742,297.0341811099161,A42
44,D44,30.43321306497515,-25.027712990639515,309.4332484594225,A43
45,D45,27.93229776656375,-30.05483308022218,317.0962935102199,A44
46,D46,23.70529731307681,-30.1590458397692,321.83231580892885,A45
47,D47,24.57858538996891,-34.789923328860716,144.7593385610108,A46
48,D48,28.92170892747336,-34.49604993398289,140.02331626230185,A47
49,D49,32.1707583346816,-29.335058232511617,132.36027121150443,A48
50,D50,34.536726662282014,-23.91188971595829,124.69722616070702,A49
51,D51,38.51726093496899,-22.203190125163953,119.96120386199807,A50
52,D52,39.74818014216345,-16.300424597316177,112.29815881120065,A51
53,D53,43.24671991464107,-13.687219097559133,107.5621365124917,A52
54,D54,43.24046509782014,-7.545962703605012,99.8990914616943,A53
55,D55,42.34390596742906,-1.6533685074797895,92.23604641089688,A54
56,D56,44.76513301774335,1.954469042240574,447.50002411218793,A55
57,D57,48.482398431089,-0.36136413187431926,270.42704686426987,A56
58,D58,46.05818904847059,-4.161691952641003,275.16306916297884,A57
59,D59,46.451772988933065,-10.575850770409073,282.82611421377624,A58
60,D60,45.89593150347495,-17.149888622427543,290.48915926456715,A59
61,D61,42.32088588943784,-19.937420658981456,295.2251815632826,A60
62,D62,40.44244269352279,-26.15160279946767,302.88822661408005,A61
63,D63,36.36019500616083,-28.025642468650442,307.62424891278897,A62
64,D64,33.28657449919309,-33.62207235992949,315.2872939635864,A63
65,D65,29.327793433146216,-38.84919174203464,322.95033901438376,A64
66,D66,33.855214034661465,-37.88404324603251,138.21431671566833,A65
67,D67,38.35153650224269,-36.36664654942052,133.4782944169594,A66
68,D68,37.612746816707634,-32.1825752838745,130.5512716648709,A67
69,D69,41.841867703923015,-30.194238943559046,125.81524936616196,A68
70,D70,44.36168498098907,-23.73890243841997,118.15220431536456,A69
71,D71,48.06459703016699,-20.815527353260325,113.41618201665561,A70
72,D72,49.19334212632102,-13.876864995718488,105.75313696585819,A71
73,D73,52.16700759744478,-10.156411439486831,101.01711466714924,A72
74,D74,49.3200235298247,-7.010577414464856,98.09009191506078,A73
75,D75,51.811097859856105,-3.036468105614418,93.35406961635184,A74
76,D76,50.479735405983675,3.803542867101399,445.6910245655544,A75
77,D77,53.88800474990783,1.3000105412051886,628.6180473176298,A76
78,D78,56.975273483063695,-1.5367996605822065,271.54507006971835,A77
79,D79,54.774079571916,-6.028819567937656,276.28109236842727,A78
80,D80,54.621901291565464,-13.56221709853568,283.9441374192247,A79
81,D81,51.50055758729976,-17.412102635730744,288.68015971793363,A80
82,D82,49.78629368102533,-24.65264867122188,296.3432047687311,A81
83,D83,45.91770162036821,-27.676627676967833,301.07922706744,A82
84,D84,47.02107910031901,-31.72358145357398,304.0062498195284,A83
85,D85,42.75887685156002,-34.308145782886484,308.7422721182374,A84
86,D86,38.616838073757165,-40.55921114681455,316.4053171690348,A85
87,D87,33.927931162640924,-42.10947868777804,321.14133946774376,A86
88,D88,33.54252163168862,-46.28334915770862,144.06836221983224,A87
89,D89,38.43886589099025,-44.74036029151382,139.3323399211233,A88
90,D90,43.26231363043665,-42.65695198528686,134.5963176224013,A89
91,D91,43.224509678105576,-38.47010057287812,131.66929487032587,A90
92,D92,47.69499746124776,-35.85374702182329,126.93327257160391,A91
93,D93,51.083938964379584,-28.632075775550643,119.2702275208195,A92
94,D94,54.89547742111171,-25.056899755853287,114.53420522209754,A93
95,D95,53.39619617601223,-21.148792926929666,111.6071824700221,A94
96,D96,56.69873514690059,-17.195223883633698,106.87116017131315,A95
97,D97,57.38419157495975,-9.302552013022257,99.20811512051574,A96
98,D98,59.746500077411234,-4.672871547549742,94.47209282179375,A97
99,D99,58.735153602683226,3.2745009191031262,446.8090477710094,A98
100,D100,63.12664030256692,5.522811854209739,625.0000482243759,A99
101,D101,61.67168213110638,0.284088812006406,629.7360705230848,A100
102,D102,64.32310795055712,-2.991876542847721,272.6630932751733,A101
103,D103,62.20262589525679,-8.077734216230697,277.3991155738822,A102
104,D104,59.64829765145238,-12.825753868047723,282.13513787259114,A103
105,D105,61.569629041773304,-16.56914641711389,285.0621606246797,A104
106,D106,58.40624317335967,-21.025449064749562,289.7981829233886,A105
107,D107,56.008984552186995,-29.10827673416753,297.461227974186,A106
108,D108,51.973960254368826,-32.726266165634534,302.19725027289496,A107
109,D109,52.46876849884198,-36.90888554555568,305.1242730249834,A108
110,D110,47.95710731317924,-40.04193145714723,309.86029532369236,A109
111,D111,42.891162850426376,-46.84578893566496,317.52334037448975,A110
112,D112,37.84161244232632,-48.88962135359721,322.2593626731987,A111
113,D113,42.12700459652241,-51.014034674044154,140.4503631265652,A112
114,D114,47.3006064313938,-48.49500968713916,135.71434082785626,A113
115,D115,47.821614229646194,-44.263642953002666,132.7873180757678,A114
116,D116,52.57830644334229,-41.15453377069559,128.05129577705884,A115
117,D117,57.10794278836004,-37.534702771542825,123.3152734783499,A116
118,D118,56.74445692407685,-33.276135468604515,120.38825072626143,A117
119,D119,60.733340757416464,-29.16664168378329,115.65222842755249,A118
120,D120,59.74992342695746,-25.024824850656856,112.72520567546403,A119
121,D121,63.14924288455943,-20.505253345754756,107.98918337675508,A120
122,D122,66.16236692474163,-15.583022104709173,103.25316107804613,A121
123,D123,64.34219113041168,-11.723282697446052,100.32613832595766,A122
124,D124,66.68396214022742,-6.526805748658165,95.59011602724871,A123
125,D125,65.9750571430047,2.387982407234701,447.9270709764513,A124
126,D126,69.93442985051335,4.745491349722678,626.1180714298177,A125
127,D127,68.55875195101109,-1.0220637226051486,270.85409372853974,A126
128,D128,70.8685206631468,-4.68362260262299,273.7811164806152,A127
129,D129,68.74801423673702,-10.295484293550137,278.5171387793241,A128
130,D130,70.5087691501713,-14.27362566394809,281.44416153141265,A129
131,D131,67.6596429529021,-19.631570207681786,286.18018383012156,A130
132,D132,64.3869695570918,-24.607862590118092,290.91620612884356,A131
133,D133,65.28205185549044,-28.851670902573257,293.843228880919,A132
134,D134,61.35898565175591,-33.42518518703542,298.57925117962793,A133
135,D135,57.104569155777014,-41.85899761739502,306.2422962304253,A134
136,D136,52.31105950657899,-45.438568088858375,310.9783185291343,A135
137,D137,51.674738419712384,-49.736991105758506,313.9053412812227,A136
138,D138,46.404933179583225,-52.712730609076615,318.6413635799317,A137
139,D139,40.98398904589496,-55.139508070160495,323.3773858786537,A138
140,D140,43.530203564672455,-61.016752502501404,144.49540908410864,A139
141,D141,45.14480348360858,-56.89405037810513,141.56838633202017,A140
142,D142,50.67675260400712,-54.02638317383081,136.83236403331122,A141
143,D143,56.01616860738459,-50.607996119345906,132.09634173460228,A142
144,D144,56.73907174364894,-46.22468708387749,129.1693189825138,A143
145,D145,61.5448881573093,-42.1932196374128,124.43329668380485,A144
146,D146,61.628860055207674,-37.77549723867259,121.5062739317164,A145
147,D147,65.83358999566052,-33.21204743688551,116.77025163300743,A146
148,D148,69.67075669265006,-28.19724121033045,112.03422933429849,A147
149,D149,68.83030190057966,-23.844324942042878,109.10720658221003,A148
150,D150,71.9598180143163,-18.43756942621448,104.37118428350108,A149
151,D151,74.62996645291481,-12.669828947943337,99.63516198479213,A150
152,D152,72.89520816487311,-8.573717198497832,96.70813923270367,A151
153,D153,74.78359533908281,-2.575063396043649,91.97211693399471,A152
154,D154,72.49014246865046,1.2082507499510515,449.0450941819062,A153
155,D155,79.53415249798452,6.361312345788104,625.4270950886392,A154
156,D156,76.14264121604957,3.675915574467863,627.2360946352597,A155
157,D157,78.44807674817712,-0.22333721614188268,270.16311738734817,A156
158,D158,76.80373996846407,-6.583241490574529,274.8991396860571,A157
159,D159,78.54014051962106,-10.795199264403484,277.8261624381456,A158
160,D160,76.06444684663737,-16.949715118011465,282.56218473685453,A159
161,D161,73.09509307244107,-22.76407700884248,287.29820703556345,A160
162,D162,73.90905733379377,-27.230195293031837,290.225229787652,A161
163,D163,70.17779611038854,-32.66668243672853,294.9612520863609,A162
164,D164,70.34876724238569,-37.22932465333354,297.8882748384494,A163
165,D165,66.04085949056264,-37.66487757510653,299.6972743850698,A164
166,D166,65.90354292376315,-42.186462442696495,302.62429713715835,A165
167,D167,61.10921082467017,-46.65449445001002,307.36031943586727,A166
168,D168,60.32440014137205,-51.135904273973345,310.2873421879557,A167
169,D169,54.940828363660266,-54.98565498122964,315.0233644866647,A168
170,D170,49.32454511680661,-58.283866041013226,319.75938678537364,A169
171,D171,47.625832983045825,-62.4870889278019,322.68640953746205,A170
172,D172,51.7550808589297,-63.63333557933542,140.8774099908416,A171
173,D173,53.518465104076434,-59.3348736093462,137.95038723875314,A172
174,D174,57.72073025308722,-60.06749681858186,136.14138769213267,A173
175,D175,59.19361744165289,-55.61444120763881,133.2143649400442,A174
176,D176,64.59690372400799,-51.342843018976296,128.47834264133525,A175
177,D177,65.42190156547686,-46.75345802423308,125.55131988924678,A176
178,D178,70.18171304396284,-41.862098361344195,120.81529759053782,A177
179,D179,74.55438960201849,-36.49038502679536,116.07927529182888,A178
180,D180,74.39684846679774,-31.813168471693213,113.15225253974042,A179
181,D181,78.002522836459,-25.97252903513684,108.41623024103147,A180
182,D182,77.19094658180062,-21.39128656265455,105.48920748894301,A181
183,D183,81.12368923989763,-19.746137869851502,103.68020794232253,A182
184,D184,79.98308756197667,-15.18987038741629,100.75318519023406,A183
185,D185,82.24877800798544,-8.669605403926859,96.0171628915251,A184
186,D186,80.48730827948371,-4.345145481648076,93.09014013943664,A185
187,D187,81.87520651823408,2.3525994693501473,448.35411784072767,A186
188,D188,85.07430813195494,5.136127354585336,626.5451182940811,A187
189,D189,83.9553177488741,-1.87756402969045,271.2811405927901,A188
190,D190,85.7620994447015,-6.310260071539225,274.2081633448786,A189
191,D191,83.72177876144048,-13.176636938931468,278.9441856435875,A190
192,D192,81.95394547171314,-24.442794370109738,286.60723069438495,A191
193,D193,78.49308277538209,-30.67145656932001,291.34325299309387,A192
194,D194,78.65745538737448,-35.46608890169869,294.27027574518235,A193
195,D195,74.37847549744583,-41.23935073861514,299.0062980438913,A194
196,D196,69.675477060329,-46.5421580907987,303.7423203426263,A195
197,D197,68.82978345449942,-51.24687259992931,306.6693430946887,A196
198,D198,63.430321115314825,-55.93190790185314,311.4053653933977,A197
199,D199,55.910398569105205,-64.47286766677229,319.0684104441951,A198
200,D200,49.657369530502585,-67.85920645948576,323.80443274290405,A199
201,D201,-1.587862892242195,-5.906770812841841,375.04658430022704,B0
202,D202,-0.5027636172280342,-10.872726754523224,182.64751695071902,B1
203,D203,2.478592492945586,-7.902143438370406,162.58540455041629,B2
204,D204,6.081987449241004,-10.613879058443944,330.18633720090804,B3
205,D205,2.392504637302583,-13.921299803795346,350.248449601211,B4
206,D206,-5.009142541602783,-11.969090023803195,382.709629351022,B5
207,D207,-2.8266281400535282,-15.53764804245452,190.310562001514,B6
208,D208,0.6624913314129622,-18.16664930311777,177.911494652006,B7
209,D209,6.31571066246047,-15.514386028073533,157.84938225170305,B8
210,D210,10.784871264588363,-15.662970188938928,325.45031490219424,B9
211,D211,10.03680022728203,-19.79505240030863,333.11335995299,B10
212,D212,5.074960861480057,-19.640990867429412,345.51242730249805,B11
213,D213,-2.0866150078110954,-21.378761761988095,365.57453970280017,B12
214,D214,-6.0180608799001725,-18.55075878715338,377.9736070523082,B13
215,D215,-5.573176449926389,-23.691443517115047,193.23758475359597,B14
216,D216,-0.3797618269054725,-25.94722106420696,180.83851740408795,B15
217,D217,2.7676277616561062,-23.125815911506997,173.17547235329218,B16
218,D218,8.221641824798333,-23.578071147531556,160.7764050037842,B17
219,D219,13.917569817406706,-22.60265011108822,148.37733765427782,B18
220,D220,11.73824118957226,-26.41460979159253,336.040382705072,B19
221,D221,5.504568267312397,-26.91021992708032,348.43945005457834,B20
222,D222,2.0225473902557103,-29.68684700987128,356.1024951053725,B21
223,D223,-4.192776028506335,-28.049287052878594,368.5015624548821,B22
224,D224,-9.59436756826007,-25.124336362017328,380.9006298043885,B23
225,D225,-13.1913958196249,-29.8698460211964,203.8276525564704,B24
226,D226,-8.514066022290747,-29.373320033119757,196.16460750567626,B25
227,D227,-6.711514549911006,-33.19990821944643,191.42858520696407,B26
228,D228,-2.0936845782285696,-31.811247118279113,183.7655401561699,B27
229,D229,4.972819799269484,-32.75160652411817,171.36647280666028,B28
230,D230,8.723552408389407,-29.838849258051997,163.70342775586613,B29
231,D231,15.540434484091936,-28.390313419292266,151.30436040635652,B30
232,D232,19.552713991237574,-29.617620750326918,326.5683381076443,B31
233,D233,16.21083603640561,-33.58065296169963,334.23138315844176,B32
234,D234,12.32050817230209,-32.041527013802536,338.9674054571539,B33
235,D235,8.367215597321673,-35.20487825782014,346.63045050794807,B34
236,D236,3.773642530589466,-37.76364319092275,354.293495558739,B35
237,D237,0.5936121028303397,-35.04259788226381,359.02951785745444,B36
238,D238,-4.296704932695648,-36.61712363618988,366.6925629082519,B37
239,D239,-11.693814900893885,-33.78568337916174,379.0916302577582,B38
240,D240,-15.095147380970577,-37.326809295912824,202.0186530098402,B39
241,D241,-9.571277820745678,-37.39793353308132,194.35560795904274,B40
242,D242,-6.894428797472248,-40.67774239749036,189.61958566033383,B41
243,D243,-1.3533420656394335,-39.61617050212414,181.9565406095364,B42
244,D244,7.367571512671416,-39.975606291074634,169.55747326003004,B43
245,D245,12.12154268652357,-37.07369736392798,161.89442820923261,B44
246,D246,16.161672890097964,-38.369105359131574,157.15840591052367,B45
247,D247,20.31985534305348,-34.4898828717067,149.49536085972625,B46
248,D248,20.419103552602724,-39.095334889320064,332.4223836118082,B47
249,D249,15.520869651170614,-42.84188348183785,340.0854286625991,B48
250,D250,11.305166104598007,-41.67157917590975,344.82145096131455,B49
251,D251,5.842380655175328,-44.28468420285618,352.484496012112,B50
252,D252,2.0477613088572215,-42.17909739379543,357.2205183108209,B51
253,D253,-3.724627879538404,-43.592844659327966,364.88356336161837,B52
254,D254,-9.824029673624095,-44.14336614152898,372.54660841241576,B53
255,D255,-12.719806165835948,-40.88224285803754,377.28263071112474,B54
256,D256,-16.115038040639206,-43.77662912196512,200.20965346320668,B55
257,D257,-13.037740552845774,-47.09673144649581,195.4736311644977,B56
258,D258,-6.456465379228207,-47.06866761948435,187.8105861137003,B57
259,D259,-0.11873874910861565,-46.11064890864286,180.1475410629029,B58
260,D260,3.8683265155933806,-48.19999144158386,175.41151876419394,B59
261,D261,9.969653769921607,-45.91154270668638,167.74847371339652,B60
262,D262,14.370367140750467,-47.03991264419368,163.01245141468107,B61
263,D263,19.95177482781557,-43.47698402089867,155.34940636389015,B62
264,D264,24.82874362378373,-39.254497492615435,147.68636131309273,B63
265,D265,29.21505787080163,-43.1137567210944,325.87736176646575,B64
266,D266,24.536574442795835,-43.569198481034796,330.6133840651747,B65
267,D267,18.98605691698301,-47.652781234800436,338.2764291159721,B66
268,D268,12.768458025129773,-50.981994579725544,345.9394741667695,B67
269,D269,8.182225663479546,-49.83223245576331,350.6754964654785,B68
270,D270,1.5012938547307162,-51.75795301299193,358.3385415162759,B69
271,D271,-2.6651736397958943,-49.61894143842386,363.07456381498486,B70
272,D272,-5.54450430783119,-52.73838668667989,366.0015865670733,B71
273,D273,-9.500212427658074,-50.09818199125964,370.73760886578225,B72
274,D274,-16.496123833583187,-49.587288174159,378.40065391657964,B73
275,D275,-19.72090084536381,-46.15311730006973,383.1366762152886,B74
276,D276,-20.164791066777077,-51.646286503160724,201.3276766686551,B75
277,D277,-12.815835344496566,-52.71406546412528,193.6646316178577,B76
278,D278,-8.717716918920985,-55.48888923368556,188.92860931914873,B77
279,D279,-1.2145701699182083,-54.978185318988224,181.26556426835134,B78
280,D280,3.4435606459161017,-56.78217163052059,176.52954196964237,B79
281,D281,5.993327956593149,-53.45293899002547,173.6025192175539,B80
282,D282,10.760013950737516,-54.675002055600636,168.86649691884497,B81
283,D283,17.572027972373274,-51.62768838460746,161.20345186804755,B82
284,D284,22.537355734124763,-51.751899045801665,156.4674295693386,B83
285,D285,23.75858112792775,-47.736619306227325,153.54040681726315,B84
286,D286,28.629980203295318,-47.28188148638177,148.80438451854118,B85
287,D287,32.72859731187096,-50.388734286518776,326.9953849719077,B86
288,D288,27.60835103793864,-51.34167405366345,331.7314072706297,B87
289,D289,20.907052236203622,-55.605962661025124,339.39445232141406,B88
290,D290,15.749090936434026,-55.39943111629636,344.130474620136,B89
291,D291,13.550036944643535,-58.96154501423332,347.05749737221146,B90
292,D292,8.3817831070473,-58.11898072299401,351.79351967093345,B91
293,D293,0.5674140885216938,-59.82213323332327,359.4565647217178,B92
294,D294,-4.242229665528482,-57.87068331603585,364.1925870204398,B93
295,D295,-12.150816124306331,-57.88185849221929,371.8556320712372,B94
296,D296,-16.368583397530934,-54.93654766387074,376.5916543699461,B95
297,D297,-20.12712797856751,-56.7784287325245,379.5186771220216,B96
298,D298,-24.012615608193318,-53.294356721137156,384.2546994207436,B97
299,D299,-24.062451222195264,-58.24797120512273,202.44569987411006,B98
300,D300,-15.813085551391769,-59.923573480540185,194.78265482331264,B99
301,D301,-11.105861575011936,-62.68608502166442,190.0466325246037,B100
302,D302,-7.549171890485759,-60.43971345151492,187.11960977251522,B101
303,D303,-2.604557748831717,-62.571257943241534,182.38358747380627,B102
304,D304,2.639096019209114,-64.24156207006018,177.64756517509733,B103
305,D305,5.6653821399534845,-61.30995116516537,174.72054242300885,B104
306,D306,11.003431536862648,-62.3051221362544,169.98452012429993,B105
307,D307,18.896514911111673,-59.2873181988706,162.32147507350248,B106
308,D308,24.367936399645984,-59.078465907267265,157.58545277479357,B107
309,D309,26.17934475431807,-55.27899156311156,154.6584300227051,B108
310,D310,31.510639294268994,-54.407735613603734,149.92240772399614,B109
311,D311,36.84515228582407,-52.98635597680879,145.18638542527415,B110
312,D312,35.467095700468725,-57.0100056794752,328.11340817736266,B111
313,D313,29.90987039164539,-58.32202152550649,332.8494304760716,B112
314,D314,27.945455676982753,-62.11317498732288,335.77645322816005,B113
315,D315,22.1964124214654,-62.7241356439679,340.512475526869,B114
316,D316,16.531177946522433,-62.78312662677565,345.24849782557794,B115
317,D317,13.834272807142447,-66.07987732709728,348.1755205776664,B116
318,D318,8.135092882560903,-65.41987826437344,352.91154287637534,B117
319,D319,-0.6709872862495424,-66.90612348204778,360.5745879271728,B118
320,D320,-6.044401643360831,-65.02574650685477,365.3106102258817,B119
321,D321,-9.725910457741456,-67.18054498216972,368.2376329779702,B120
322,D322,-14.884773043539639,-64.6085552109186,372.97365527667915,B121
323,D323,-19.676023846145085,-61.61719627890089,377.70967757538807,B122
324,D324,-23.712667861135028,-62.964042380611914,380.63670032747655,B123
325,D325,-27.897150785775118,-63.964417345654454,203.56372307955198,B124
326,D326,-23.00565783465822,-67.47173111208349,198.82770078084303,B125
327,D327,-18.859763440313994,-66.20474043683525,195.9006780287676,B126
328,D328,-13.624060433740603,-69.02999633466925,191.16465573004564,B127
329,D329,-8.044981991062357,-71.40049554984532,186.42863343133666,B128
330,D330,-4.240236452187729,-69.29528437416363,183.5016106792482,B129
331,D331,1.5281501288167307,-70.91881190617761,178.76558838053927,B130
332,D332,4.969044907779318,-68.2948406497236,175.8385656284638,B131
333,D333,10.827622420546852,-69.16383695774888,171.10254332974185,B132
334,D334,16.854288835979734,-69.48959476904943,166.3665210310329,B133
335,D335,19.68535282730587,-66.19985845199732,163.43949827895744,B134
336,D336,25.63529882980674,-65.76292962026436,158.70347598023548,B135
337,D337,31.629722797453603,-64.75715541484902,153.96745368152654,B136
338,D338,33.72354188957359,-60.94025603618275,151.04043092943806,B137
339,D339,39.47522526847192,-59.20047091594848,146.3044086307291,B138
340,D340,37.613300321394874,-63.175669873239606,329.2314313828176,B139
341,D341,35.410642455578035,-67.04437697686919,332.15845413488,B140
342,D342,29.200447570812123,-68.44120733640115,336.89447643361495,B141
343,D343,22.996583963192492,-69.25333957788969,341.630498732324,B142
344,D344,20.046150831970692,-72.56690851773885,344.5575214844124,B143
345,D345,13.72215260123704,-72.57761238601769,349.2935437831214,B144
346,D346,7.532176750857763,-72.02136156535205,354.0295660818303,B145
347,D347,3.9683799092784056,-74.63912263392638,356.9565888339188,B146
348,D348,-2.1654617024222818,-73.28069567729742,361.69261113262775,B147
349,D349,-6.090100074679951,-75.3697334660741,364.61963388471617,B148
350,D350,-12.062180758570426,-73.21333726638136,369.35565618342514,B149
351,D351,-17.71463395056653,-70.56829046390054,374.09167848213406,B150
352,D352,-21.973964677080126,-71.78978485622984,377.01870123422253,B151
353,D353,-27.297971581583614,-68.4065201390266,381.7547235329315,B152
354,D354,-31.712724781254874,-69.00630982223088,384.6817462849939,B153
355,D355,-30.906018837418397,-73.26199048361393,202.87274673837342,B154
356,D356,-26.37876615288136,-72.68923914802154,199.94572398628497,B155
357,D357,-20.643600420475558,-75.93025508109228,195.209701687576,B156
358,D358,-16.26918748920352,-74.72575831069102,192.28267893548752,B157
359,D359,-10.22431252602843,-77.17568226695569,187.5466566367786,B158
360,D360,-3.883577684860774,-79.10459789227795,182.81063433806963,B159
361,D361,0.15642370278564025,-77.0042768722959,179.88361158598119,B160
362,D362,6.629171185105133,-78.08799073949787,175.14758928727224,B161
363,D363,10.30758875778792,-75.44864057092298,172.22056653518376,B162
364,D364,13.277262751284336,-78.59638404850458,170.41156698856327,B163
365,D365,16.800757235127016,-75.68669228906532,167.48454423647482,B164
366,D366,23.394427647339906,-75.33550737680105,162.74852193776587,B165
367,D367,26.450413900653015,-71.97344692883254,159.8214991856774,B166
368,D368,32.87977828404641,-70.78643034974017,155.08547688696845,B167
369,D369,39.27811482287036,-69.00018348498365,150.3494545882595,B168
370,D370,41.57119269132371,-65.05916618653748,147.42243183617103,B169
371,D371,45.58878092856408,-66.61423092538655,325.6134322895506,B170
372,D372,43.222126950900844,-70.64401537644132,328.540455041639,B171
373,D373,36.661750317620296,-72.81928416966072,333.276477340348,B172
374,D374,30.03351566571043,-74.38227568955878,338.01249963905695,B173
375,D375,26.885073143106624,-77.81300855527397,340.9395223911454,B174
376,D376,20.047557484966443,-78.50967974642978,345.6755446898543,B175
377,D377,16.425242329215983,-81.4789681314133,348.6025674419428,B176
378,D378,9.492756146475328,-81.2803871222545,353.33858974065174,B177
379,D379,2.7055529160173695,-80.48165412120515,358.0746120393607,B178
380,D380,-1.444432300215124,-82.61638300198149,361.00163479144913,B179
381,D381,-8.131469240260985,-80.92858116673834,365.7376570901581,B180
382,D382,-12.56697769926852,-82.46552959574133,368.6646798422466,B181
383,D383,-14.546748331403522,-78.68895139291247,370.4736793888671,B182
384,D384,-19.03606890728996,-79.90071024229744,373.4007021409555,B183
385,D385,-25.163159551903636,-76.82000868718237,378.1367244396645,B184
386,D386,-29.80568315211434,-77.3889917462583,381.06374719175295,B185
387,D387,-34.549032608610375,-77.63205263168801,203.99076994381534,B186
388,D388,-28.429765176843873,-81.38867725502638,199.25474764510642,B187
389,D389,-23.67089258867234,-80.80297469187342,196.32772489301794,B188
390,D390,-17.169664693200648,-83.7056244983358,191.59170259430897,B189
391,D391,-5.8017041831373914,-84.47975977655653,183.92865754351158,B190
392,D392,1.2106932400957735,-85.91286800325696,179.1926352448026,B191
393,D393,5.464641476679875,-83.72387892271048,176.26561249271415,B192
394,D394,12.54336365756357,-84.22714123025177,171.5295901940052,B193
395,D395,19.737086473129274,-84.10702582158173,166.79356789529626,B194
396,D396,23.44816997767051,-81.06041722915654,163.86654514320782,B195
397,D397,30.50507964657029,-80.01278095252285,159.13052284449884,B196
398,D398,33.733423861554144,-76.4965663036152,156.20350009243646,B197
399,D399,40.5352721734855,-74.5557330781574,151.46747779370145,B198
400,D400,47.2327918075225,-71.99115283422378,146.73145549499247,B199
401,D401,-1.8412395200837164,-1.6867262264562142,407.50776405003785,C0
402,D402,-6.924383244693638,-2.8582847444938007,247.56987645034053,C1
403,D403,-5.373473273350775,-7.643212783067836,395.10869670053,C2
404,D404,-13.225104566975995,-3.486095120984317,255.23292150113508,C3
405,D405,-9.614020376581914,-6.689184967692335,235.17080910083254,C4
406,D406,-10.031826873881233,-10.84411090127452,222.77174175132495,C5
407,D407,-8.74726674387859,-14.925659935541734,390.37267440181614,C6
408,D408,-14.405144033500882,-11.902247352528033,410.4347868021199,C7
409,D409,-14.56788874794044,-7.475999984013083,422.8338541516271,C8
410,D410,-17.695536429052794,-2.2053606254001905,442.8959665519301,C9
411,D411,-18.830146518151984,-6.669251490104576,250.49689920242207,C10
412,D412,-18.601750900306556,-11.579546843879987,238.09783185291408,C11
413,D413,-12.780219962033158,-16.336932169842942,218.03571945261194,C12
414,D414,-9.783217948616894,-20.385674624676852,205.63665210310393,C13
415,D415,-13.91332714173943,-21.181260259490465,393.2996971538981,C14
416,D416,-16.953688840179247,-16.545125708509488,405.6987645034061,C15
417,D417,-21.110020531143846,-15.699527323288597,413.3618095542019,C16
418,D418,-22.54016861564053,-10.148458771910159,425.7608769037082,C17
419,D419,-22.5317678356969,-4.723573491710269,438.1599442532162,C18
420,D420,-29.188603922073902,-4.577615945769004,261.0869670052998,C19
421,D421,-26.107464608524932,-7.771105673022641,253.4239219545024,C20
422,D422,-25.097824853929755,-13.89772238899115,241.02485460499602,C21
423,D423,-22.56354360586048,-19.874398312395925,228.62578725548642,C22
424,D424,-18.2286352874002,-20.997206692612274,220.96274220469226,C23
425,D425,-13.974504520343581,-25.66976363501549,208.5636748551859,C24
426,D426,-18.549330087845373,-25.319661726784993,396.22671990598,C25
427,D427,-23.160948990785077,-24.076393698245564,403.88976495677423,C26
428,D428,-26.762238710566823,-17.855731923726115,416.28883230628384,C27
429,D429,-30.678094297058543,-14.99461532131176,423.951877357078,C28
430,D430,-28.774476774910244,-11.225700928233875,428.6878996557902,C29
431,D431,-32.00802102999621,-7.772569700126259,436.35094470658436,C30
432,D432,-34.67913619543248,-3.6363632572454847,264.0139897573785,C31
433,D433,-37.12735856224376,-7.030075001301105,259.27796745866954,C32
434,D434,-34.17466213734322,-11.358512276340285,251.61492240787214,C33
435,D435,-31.89085243260976,-18.998804509446767,239.21585505836578,C34
436,D436,-27.6568655650938,-21.957674143246496,231.55281000756835,C35
437,D437,-23.010297689446,-28.25996417625252,219.153742658062,C36
438,D438,-18.07366033903241,-29.50428446767159,211.49069760726456,C37
439,D439,-16.89886411381714,-33.51992653625715,206.75467530855565,C38
440,D440,-22.181614144234157,-32.37394712248793,394.41772035934656,C39
441,D441,-27.39572014685136,-30.339913496395077,402.08076541014395,C40
442,D442,-27.85234143859687,-26.139736540137886,406.81678770885287,C41
443,D443,-32.454321171149566,-23.166682160375764,414.4798327596503,C42
444,D444,-36.67659929589154,-19.384131759988836,422.1428778104477,C43
445,D445,-35.7246901029684,-15.25342367186915,426.8789001091567,C44
446,D446,-39.03030292520778,-10.793296309894577,434.5419451599541,C45
447,D447,-41.69202298892988,-5.7073974591935785,262.204990210745,C46
448,D448,-43.467868434093795,-9.6612972108466,257.4689679120361,C47
449,D449,-40.38790003241132,-14.855113798687308,249.80592286123863,C48
450,D450,-41.19664665701846,-19.14915827262658,245.06990056252968,C49
451,D451,-37.04118991700947,-23.682585012311673,237.40685551173226,C50
452,D452,-32.39600984512959,-27.43125506511869,229.74381046093484,C51
453,D453,-31.737358163805396,-31.72873127701455,225.0077881622259,C52
454,D454,-26.32316466768456,-34.49817268413835,217.3447431114285,C53
455,D455,-20.72730185477492,-36.36581498451135,209.6816980606376,C54
456,D456,-18.691531261454628,-40.18354494195435,204.94567576192213,C55
457,D457,-22.455151712063174,-42.45931281734974,387.87269851400407,C56
458,D458,-24.666214595834546,-38.55655401500813,392.60872081271305,C57
459,D459,-28.697725768263805,-40.17968384722384,395.535743564795,C58
460,D460,-30.497922878063854,-35.9978620910141,400.27176586351044,C59
461,D461,-36.041214837965015,-32.52598319810871,407.93481091430783,C60
462,D462,-36.82662373321575,-28.084007033876368,412.6708332130168,C61
463,D463,-41.452799886918605,-23.611785684309172,420.3338782638142,C62
464,D464,-45.48577243728155,-18.38028624506443,427.9969233146051,C63
465,D465,-44.737230695198456,-13.905880880329988,432.73294561332057,C64
466,D466,-47.5499351039296,-8.045892116193038,440.395990664118,C65
467,D467,-51.30878161270638,-6.006504481499196,263.32301341619996,C66
468,D468,-48.80631957616384,-12.476897094070882,255.65996836540253,C67
469,D469,-49.55824505999514,-17.13788848059958,250.9239460666936,C68
470,D470,-45.70176640040566,-23.024683448046623,243.26090101589617,C69
471,D471,-41.15423148994545,-28.18115248658192,235.59785596509874,C70
472,D472,-40.30156033399849,-32.79679013224332,230.8618336663898,C71
473,D473,-34.69506080838951,-36.94805257162395,223.19878861559238,C72
474,D474,-32.80102663550649,-41.29159198097671,218.46276631688343,C73
475,D475,-26.358623332673286,-44.21749108297437,210.799721266086,C74
476,D476,-23.50511292520814,-48.0569484192787,386.0636989673771,C75
477,D477,-27.437931875276313,-49.51824893653883,388.9907217194525,C76
478,D478,-30.37533932265807,-45.499876494704715,393.72674401816147,C77
479,D479,-36.95411927970012,-41.931282394671584,401.38978906895886,C78
480,D480,-38.8988630254438,-37.39947522351654,406.12581136766784,C79
481,D481,-44.506735254100434,-32.587300957398725,413.78885641846523,C80
482,D482,-45.376887311600456,-27.779897070429318,418.5248787171872,C81
483,D483,-49.48627126037472,-26.922667000341516,421.4519014692627,C82
484,D484,-49.78905184296878,-21.9721249521183,426.1879237679716,C83
485,D485,-53.417363738033224,-15.467662545193653,433.850968818769,C84
486,D486,-52.61054616585224,-10.620578239000432,438.58699111747796,C85
487,D487,-56.15518669141396,-8.378407723772899,441.51401386956644,C86
488,D488,-59.439645354722664,-5.785129797287499,264.44103662164184,C87
489,D489,-57.06019833172737,-13.406474481033564,256.77799157085747,C88
490,D490,-57.45303534842483,-18.62110641859519,252.0419692721355,C89
491,D491,-53.70919059624458,-20.493493166440395,249.11494652006007,C90
492,D492,-53.47051353289045,-25.64296555644412,244.37892422133808,C91
493,D493,-48.64191117171882,-31.932469409092313,236.7158791705537,C92
494,D494,-47.252653704842224,-36.94457911769457,231.97985687183174,C93
495,D495,-43.091181606241854,-37.388886286942046,229.05283411975628,C94
496,D496,-41.134588911014006,-42.12744270015944,224.31681182104734,C95
497,D497,-38.64593496847027,-46.746814084806175,219.58078952232538,C96
498,D498,-34.47947854137697,-46.33575312701908,216.65376677024994,C97
499,D499,-31.491398155918464,-50.5581386509836,211.91774447152795,C98
500,D500,-28.010683730210157,-54.54568930691168,387.181722172819,C99
501,D501,-32.13164757922335,-55.41050719112688,390.10874492490746,C100
502,D502,-35.6388598092091,-51.19220322958899,394.84476722361643,C101
503,D503,-42.85024426071017,-46.7500368106537,402.5078122744138,C102
504,D504,-45.31998174213427,-41.90240502118325,407.2438345731228,C103
505,D505,-49.4880086268171,-41.27451698266228,410.1708573251982,C104
506,D506,-51.36336319167173,-36.08956342638531,414.9068796239202,C105
507,D507,-52.69054464564757,-30.860348155494847,419.64290192262916,C106
508,D508,-56.63520789083356,-29.3946299318214,422.5699246747176,C107
509,D509,-57.31574854119913,-23.96870725540626,427.30594697342656,C108
510,D510,-61.00932268463585,-16.38279215809412,434.96899202422395,C109
511,D511,-60.48017766432373,-10.98564334446719,439.7050143229329,C110
512,D512,-63.66860997359222,-8.232910321625411,442.6320370750214,C111
513,D513,-67.50896811412757,-10.906212640770784,260.8230375283879,C112
514,D514,-64.36562595346875,-13.803477362056903,257.8960147762994,C113
515,D515,-64.52893242512455,-19.531609126585263,253.15999247759046,C114
516,D516,-61.00703454819185,-21.92423664126974,250.232969725502,C115
517,D517,-60.45809747730525,-27.55623249692628,245.49694742679304,C116
518,D518,-59.35225872522376,-33.223996862921716,240.7609251280841,C117
519,D519,-55.40323023392735,-34.843510222801015,237.83390237599562,C118
520,D520,-53.616667341301245,-40.25963476666885,233.09788007728667,C119
521,D521,-47.06852732025522,-46.35946040708111,225.43483502648928,C120
522,D522,-44.11397458206662,-51.28937670940686,220.6988127277803,C121
523,D523,-39.85466702845609,-51.43259641884927,217.77178997569186,C122
524,D524,-36.349313094542005,-55.89660972922797,213.0357676769829,C123
525,D525,-32.354996347708536,-60.09038888491043,208.29974537827394,C124
526,D526,-28.147151508137867,-59.350669993224166,205.3727226261855,C125
527,D527,-32.20440964049515,-64.61818758193277,386.4907458316404,C126
528,D528,-36.6606298374272,-60.470119094115205,391.2267681303494,C127
529,D529,-40.63837323671764,-56.010379579799604,395.9627904290583,C128
530,D530,-44.974235201485165,-55.75746251736018,398.8898131811468,C129
531,D531,-48.392615509631476,-50.771390951371174,403.62583547985577,C130
532,D532,-51.27745396410313,-45.587333839850196,408.36185777857776,C131
533,D533,-55.45422475709817,-44.44488391917837,411.28888053065316,C132
534,D534,-57.68432556027482,-38.87210119511023,416.02490282936213,C133
535,D535,-61.669784539443256,-37.12540639317832,418.9519255814506,C134
536,D536,-63.19070544619099,-31.247332476219377,423.6879478801595,C135
537,D537,-64.14136597834188,-25.364327879242953,428.4239701788815,C136
538,D538,-67.66735111357661,-22.83703154831221,431.3509929309569,C137
539,D539,-67.86589021594438,-16.811432970770824,436.0870152296659,C138
540,D540,-70.42623530613139,-7.7128521922014,443.7500602804633,C139
541,D541,-73.92375142881994,-10.466863173369648,261.94106073384285,C140
542,D542,-71.00251153095546,-13.783437450911997,259.01403798175437,C141
543,D543,-71.01874285635431,-19.991874301901312,254.27801568304542,C142
544,D544,-70.45886288237621,-26.284645701546793,249.54199338433645,C143
545,D545,-66.89920418488992,-28.92911992142875,246.614970632248,C144
546,D546,-65.55233333343753,-35.03264446020638,241.87894833353906,C145
547,D547,-63.62274810037897,-41.09181902547501,237.1429260348301,C146
548,D548,-59.57656789637069,-42.94284301280559,234.21590328274164,C147
549,D549,-56.914189097719685,-48.64388318191376,229.4798809840327,C148
550,D550,-52.66702345993738,-49.88687676337072,226.5528582319442,C149
551,D551,-49.332910673591535,-55.14323930581251,221.81683593323527,C150
552,D552,-45.467139017308796,-60.160196721592555,217.08081363452632,C151
553,D553,-41.03938082653754,-60.49250170922913,214.15379088243787,C152
554,D554,-36.60999145079998,-64.92518117781692,209.4177685837289,C153
555,D555,-36.226320408147274,-69.26873664470082,387.60876903708237,C154
556,D556,-41.089926746709715,-64.88547605807761,392.34479133579134,C155
557,D557,-45.620650252574336,-64.49961094610536,395.27181408787976,C156
558,D558,-49.920278218479964,-59.476148840715034,400.00783638658874,C157
559,D559,-53.69094963324405,-54.173160351602625,404.7438586852977,C158
560,D560,-58.025404978746714,-52.85298676882668,407.67088143738613,C159
561,D561,-61.111640864094944,-47.050569612895025,412.4069037360951,C160
562,D562,-65.23744341237662,-45.11542070456943,415.3339264881836,C161
563,D563,-67.57158487018476,-38.90255831087997,420.0699487868925,C162
564,D564,-69.3117984371573,-32.60683423875345,424.80597108560147,C163
565,D565,-72.92859124997241,-29.861146633953098,427.73299383768995,C164
566,D566,-73.85134397038395,-23.329153658774292,432.46901613639886,C165
567,D567,-77.05893377339707,-20.07803777034009,435.39603888848734,C166
568,D568,-74.17871145734422,-16.84613011529364,437.20503843510784,C167
569,D569,-77.13100987586735,-13.417045397386126,440.1320611871963,C168
570,D570,-79.86005878348227,-9.721998822194658,263.05908393928473,C169
571,D571,-80.06460442776701,-16.546977100320397,258.3230616405758,C170
572,D572,-79.6590078897099,-23.464502523893483,253.58703934186684,C171
573,D573,-76.38375447501133,-26.80906582920265,250.6600165897784,C172
574,D574,-75.09543820203253,-33.55407878204047,245.92399429106945,C173
575,D575,-71.40247794777493,-36.38613370847264,242.99697153898097,C174
576,D576,-73.18911842279022,-40.25606872876176,241.1879719923605,C175
577,D577,-69.27020900059216,-42.847401457742436,238.26094924027203,C176
578,D578,-66.53422828823125,-49.187958039438165,233.52492694156308,C177
579,D579,-62.31381936586708,-51.18896568309185,230.5979041894746,C178
580,D580,-58.81038027481603,-57.06714069349828,225.86188189076566,C179
581,D581,-54.37561310910672,-58.44378166815874,222.9348591386772,C180
582,D582,-54.7419736058243,-62.694758824582536,221.1258595920567,C181
583,D583,-50.178955409024844,-63.76874182590634,218.19883683996824,C182
584,D584,-45.45713756534926,-68.77518249847286,213.46281454125932,C183
585,D585,-40.815467585377995,-69.192038781835,210.53579178917084,C184
586,D586,-35.53289912330387,-73.50408688111462,205.79976949046187,C185
587,D587,-40.23673909196793,-73.41238992099063,388.72679224255035,C186
588,D588,-44.99500918354367,-72.98465437044162,391.6538149946128,C187
589,D589,-50.12854383337552,-68.01795817879288,396.3898372933217,C188
590,D590,-54.80714026518192,-66.92105330875087,399.3168600454102,C189
591,D591,-59.287171731236064,-61.28037356917456,404.0528823441191,C190
592,D592,-63.202237086524725,-55.35099873165842,408.7889046428281,C191
593,D593,-67.5292738307619,-53.30093308335832,411.71592739491655,C192
594,D594,-70.66517513479387,-46.85753121433355,416.45194969362547,C193
595,D595,-76.97394894430506,-37.35165012757605,424.1149947444229,C194
596,D596,-78.6311225071956,-30.418482428589314,428.85101704313183,C195
597,D597,-81.9908714439,-26.99205361218735,431.7780397952203,C196
598,D598,-82.73679356628729,-19.841871518825062,436.5140620939293,C197
599,D599,-82.85207036657704,-12.752028373495447,441.2500843926382,C198
600,D600,-85.40584058332162,-8.709686805864647,444.1771071447267,C199
601,D601,-4.917737753856126,0.8698785648764134,460.0310562001514,D0
602,D602,-7.1548643623306765,8.57391874368524,320.155281000757,D1
603,D603,-7.484076964365435,4.3371755776604966,300.0931686004541,D2
604,D604,-10.286767466193707,-0.4253901304982721,267.6319888506435,D3
605,D605,-11.894559453365893,3.7946888862826897,467.69410125094606,D4
606,D606,-11.341016824478018,8.783120879670648,487.756213651249,D5
607,D607,-12.879709629799532,13.069595626952244,315.419258702044,D6
608,D608,-15.304088488680762,7.252893137497774,295.357146301741,D7
609,D609,-15.32710217982031,1.4205123850266776,275.29503390143805,D8
610,D610,-21.18707782437559,0.20672025506009853,450.55901160272424,D9
611,D611,-18.6916939054918,4.300915089846267,462.9580789522322,D10
612,D612,-20.903246019818354,7.865810352507533,470.621124003028,D11
613,D613,-17.137791676267458,11.138000484565946,483.02019135253596,D12
614,D614,-12.989427886672651,17.289169678643646,503.08230375283813,D13
615,D615,-17.326735011135625,19.478756689974347,318.3462814541259,D14
616,D616,-17.76324265441719,15.269759124937995,310.68323640333017,D15
617,D617,-22.098813232536603,11.891109930537684,298.28416905382215,D16
618,D618,-23.833062621746596,3.4437626323405737,278.22205665352,D17
619,D619,-25.64031178474136,-1.872563727777181,265.822989304012,D18
620,D620,-28.088141438529217,1.7110724305275042,453.4860343548062,D19
621,D621,-29.804493257301747,5.873926711220349,461.14907940560033,D20
622,D622,-25.642970516046013,7.297383991074799,465.8851017043158,D21
623,D623,-26.596916474876718,11.59125355724873,473.54814675510994,D22
624,D624,-22.3281869585487,16.190969205417023,485.9472141046163,D23
625,D625,-21.620268490599937,20.596086571507666,493.61025915541046,D24
626,D626,-20.005456333705283,24.947061621499188,321.27330420620785,D25
627,D627,-25.863358705214488,20.849905311185605,308.8742368566983,D26
628,D628,-26.673960029261032,16.16144660472524,301.2111918059041,D27
629,D629,-30.727458427546186,10.467736475320468,288.8121244563945,D28
630,D630,-33.476114016216364,3.7626728584809386,276.4130571068881,D29
631,D631,-31.676344812401435,-0.6911736341290983,268.75001205609396,D30
632,D632,-36.683122750546104,1.0740136257827284,451.6770348081759,D31
633,D633,-34.509080806683144,8.652781838488675,464.07610215768227,D32
634,D634,-34.71434518413925,13.841997872528905,471.73914720847966,D33
635,D635,-30.80968488101777,15.344474603769207,476.4751695071919,D34
636,D636,-30.02150344549991,20.355301255573945,484.13821455798603,D35
637,D637,-24.169757846784556,25.50282446372943,496.5372819074924,D36
638,D638,-21.615662417353477,29.971215578601615,504.20032695828985,D37
639,D639,-25.813491664817512,30.1856150575689,319.4643046595744,D38
640,D640,-28.352711981370643,25.351371888613343,311.80125960877695,D39
641,D641,-32.49689390264234,24.546227884281407,307.065237310068,D40
642,D642,-34.050533010906015,19.188205839522002,299.4021922592706,D41
643,D643,-37.90306048360407,17.40635317854523,294.66616996056166,D42
644,D644,-38.35521404411274,11.728653189104742,287.0031249097642,D43
645,D645,-37.93180072225533,6.238819517113023,279.3400798589668,D44
646,D646,-40.97382243430745,3.299595953321653,274.60405756025784,D45
647,D647,-39.425411218134954,-2.1069014249109834,266.94101250946045,D46
648,D648,-43.60881164749289,-0.10044082912455164,449.8680352615424,D47
649,D649,-44.696320275010784,5.909049884738384,457.53108031233984,D48
650,D650,-41.695196596591664,9.065948053287343,462.26710261104876,D49
651,D651,-41.53132779591544,15.058851876605825,469.9301476618462,D50
652,D652,-36.54578541207623,23.129376745050354,482.3292150113525,D51
653,D653,-34.27529398543922,28.752497234357122,489.99226006214997,D52
654,D654,-30.053930821913596,29.770220587330193,494.7282823608589,D53
655,D655,-26.74356896719636,34.71636048844232,502.39132741165633,D54
656,D656,-31.105250344896778,34.13069953841114,317.6553051129408,D55
657,D657,-35.45819323054767,32.972031574631195,312.9192828142319,D56
658,D658,-38.418262296242276,27.157615515182158,305.25623776343446,D57
659,D659,-42.42583294049756,25.01089244652536,300.52021546471906,D58
660,D660,-40.444473727246965,21.137741796591314,297.5931927126371,D59
661,D661,-44.14011232700674,18.606642642505218,292.85717041392815,D60
662,D662,-44.888702687635316,12.19104846548272,285.19412536313075,D61
663,D663,-47.930596475109624,8.84716319167947,280.4581030644218,D62
664,D664,-47.32163784815652,2.310322784357127,272.7950580136244,D63
665,D665,-45.80954127234665,-3.901480926157215,265.13201296282693,D64
666,D666,-49.53638954745792,-1.6787477284674923,448.0590357149089,D65
667,D667,-52.90349163509554,0.9105572371042944,450.98605846699735,D66
668,D668,-50.615103542883205,5.071760214811596,455.7220807657063,D67
669,D669,-50.72340108949548,12.070104193730133,463.3851258165037,D68
670,D670,-47.58229588206457,15.571732998984453,468.1211481152127,D69
671,D671,-46.24341229447168,22.33920196344321,475.7841931660101,D70
672,D672,-43.902373568363544,29.000243017324074,483.4472382168075,D71
673,D673,-39.74300459087726,31.25586349400982,488.18326051551645,D72
674,D674,-36.110918620954486,37.193767596433005,495.84630556631384,D73
675,D675,-31.591710391930327,38.43620094189506,500.5823278650228,D74
676,D676,-31.570866283052563,42.68014255838751,503.5093506171113,D75
677,D677,-36.27898761627965,41.402250029893644,318.7733283183893,D76
678,D678,-40.934359175603404,39.58139174177719,314.0373060196804,D77
679,D679,-40.56988200662642,35.404188296985566,311.11028326759185,D78
680,D680,-44.9115567706309,33.080523375118034,306.37426096888294,D79
681,D681,-47.88118010941939,26.226364114430247,298.7112159180855,D80
682,D682,-51.62669156013628,22.958906446545328,293.97519361937657,D81
683,D683,-49.81899774559353,19.171793655208184,291.0481708673011,D82
684,D684,-53.10341277755619,15.540747827667392,286.3121485685791,D83
685,D685,-53.518910014415845,8.14089599095371,278.6491035177818,D84
686,D686,-55.92771943568955,3.8255978255420815,273.9130812190728,D85
687,D687,-54.76060190809213,-3.5891647584719966,266.2500361682754,D86
688,D688,-57.912434761943864,-0.83185532211332,449.17705892036383,D87
689,D689,-58.61775693445076,7.031360487628484,456.8401039711613,D88
690,D690,-56.05057162621083,11.481193116353783,461.5761262698702,D89
691,D691,-58.220361650814255,15.060223191630683,464.50314902194566,D90
692,D692,-55.08881209485773,19.22619390252417,469.2391713206676,D91
693,D693,-53.02427698848515,26.90333018138098,476.902216371452,D92
694,D694,-49.080731118818896,30.239839194494227,481.63823867017396,D93
695,D695,-49.86174441642026,34.35271377564781,484.5652614222494,D94
696,D696,-45.4803391740741,37.226927959178234,489.3012837209714,D95
697,D697,-40.8632125619818,43.765770309466276,496.9643287717558,D96
698,D698,-35.996280442350624,45.57977076125964,501.7003510704778,D97
699,D699,-35.28953315895584,49.70747444891586,324.6273738225532,D98
700,D700,-40.377816227866695,47.93551091485962,319.89135152384426,D99
701,D701,-45.37471952187829,45.62141121934098,315.1553292251353,D100
702,D702,-45.629231240463405,41.415155817699365,312.2283064730468,D101
703,D703,-50.23917468629742,38.53912667890939,307.4922841743379,D102
704,D704,-54.025156067039255,30.977122126908185,299.82923912354045,D103
705,D705,-57.91925085145691,27.1229984970813,295.09321682483153,D104
706,D706,-56.6914402429485,23.096337621223256,292.16619407274305,D105
707,D707,-60.034151694561075,18.848286977364733,287.4301717740341,D106
708,D708,-63.00734609697645,14.192558360486908,282.69414947531214,D107
709,D709,-60.97736809761747,10.49659452176422,279.7671267232367,D108
710,D710,-63.31936077893877,5.5743654837650265,275.0311044245277,D109
711,D711,-60.765898334126724,2.2325190510365713,272.1040816724393,D110
712,D712,-62.459842840999094,-2.8711769847388235,267.3680593737304,D111
713,D713,-66.61563050952019,-5.173677462477759,445.5590598270968,D112
714,D714,-65.20965643949471,0.3358427852435053,450.2950821258058,D113
715,D715,-67.68183616765707,3.8101961420762676,453.22210487789425,D114
716,D716,-65.56927933959383,9.16630051981959,457.95812717660317,D115
717,D717,-64.7067404943615,18.092223963037043,465.6211722274006,D116
718,D718,-61.495144912812414,22.817556883947972,470.35719452610954,D117
719,D719,-62.6049870285041,26.941525708358938,473.284217278198,D118
720,D720,-58.77783773792297,31.279368853197766,478.020239576907,D119
721,D721,-54.639337744373144,35.15364579276219,482.7562618756159,D120
722,D722,-54.874773578359715,39.40725472198938,485.6832846277044,D121
723,D723,-50.22504785448793,42.77405737922302,490.4193069264133,D122
724,D724,-44.73078897067379,49.82239767140592,498.08235197721075,D123
725,D725,-39.49614681764814,52.06891678239636,502.81837427591967,D124
726,D726,-42.32375710188198,58.117874127622976,323.9363974813746,D125
727,D727,-43.709919145354824,53.995316633079796,321.00937472928615,D126
728,D728,-49.062149109444086,51.292824625828594,316.27335243057723,D127
729,D729,-49.82961946501052,47.0331893344715,313.3463296785018,D128
730,D730,-54.73823994793414,43.71308780829514,308.6103073797798,D129
731,D731,-59.403563457530986,39.87885016163023,303.87428508107087,D130
732,D732,-59.271429952784835,35.53965636701421,300.9472623289954,D131
733,D733,-63.364507418787305,31.19464483274517,296.2112400302734,D132
734,D734,-67.10584656967019,26.400172464737448,291.4752177315645,D133
735,D735,-66.07366463321009,22.169757184163036,288.548194979476,D134
736,D736,-69.1396804997445,16.997910324309004,283.81217268076705,D135
737,D737,-67.51106761734854,12.982436821816611,280.88514992869165,D136
738,D738,-69.86861433216085,7.5273987076391435,276.1491276299697,D137
739,D739,-71.74364015698887,1.7697966995755297,271.41310533126074,D138
740,D740,-69.31082222541487,-1.8318153392019771,268.48608257917226,D139
741,D741,-73.10446811559154,-4.244515072788261,446.67708303255176,D140
742,D742,-75.53107468538379,-0.5219021660956671,449.60410578464024,D141
743,D743,-73.90371267237128,5.60890318210731,454.3401280833492,D142
744,D744,-71.76212696917439,11.463794798993405,459.07615038205813,D143
745,D745,-73.3547150029504,15.596272102736272,462.0031731341466,D144
746,D746,-70.45002239683686,21.188562424537395,466.7391954328555,D145
747,D747,-71.43724051637189,25.53072578429178,469.66621818491797,D146
748,D748,-67.8010165828059,30.759102045921516,474.402240483653,D147
749,D749,-63.77422982919508,35.552084815000725,479.1382627823619,D148
750,D750,-63.834733807640454,39.989577930268496,482.06528553445037,D149
751,D751,-59.177547800079246,44.27256866694471,486.80130783315934,D150
752,D752,-54.23593962035604,48.046938197597584,491.53733013186826,D151
753,D753,-53.373922399713386,52.385172355060305,494.46435288395674,D152
754,D754,-47.93143290928438,55.529834602035635,499.2003751826657,D153
755,D755,-46.44617755333443,59.72163628605745,502.12739793475413,D154
756,D756,-50.59588711617682,60.98287463373432,320.31839838810765,D155
757,D757,-52.158384921430525,56.7046842484924,317.3913756360191,D156
758,D758,-57.66507370409262,53.128661674921126,312.6553533373102,D157
759,D759,-58.596797850236364,48.69696335534556,309.7283305852217,D158
760,D760,-62.912181794843605,49.009895753944924,307.9193310386013,D159
761,D761,-63.546915956982936,44.48331725515547,304.99230828651275,D160
762,D762,-68.17285600540326,39.7672582543297,300.25628598780384,D161
763,D763,-68.15718663789465,35.22264294844811,297.3292632357154,D162
764,D764,-72.0969406950246,30.00108152080698,292.5932409370064,D163
765,D765,-75.6087790553279,24.358640419693852,287.85721863829747,D164
766,D766,-74.63914563823947,19.90206806826058,284.93019588620905,D165
767,D767,-77.36627342057999,13.912267800232764,280.1941735875001,D166
768,D768,-75.78106247213961,9.663620987687493,277.2671508354116,D167
769,D769,-77.69399201121871,3.4344852152859957,272.5311285367027,D168
770,D770,-79.06252585531342,-3.0440387718558144,267.7951062379937,D169
771,D771,-76.6150652594893,-6.880732782017346,264.86808348590523,D170
772,D772,-82.35101919845691,-5.778611018983179,445.9861066913732,D171
773,D773,-81.25291863955806,1.0241277036370995,450.7221289900822,D172
774,D774,-83.17382074993391,5.304491039788507,453.64915174217066,D173
775,D775,-79.58181167356322,7.6041957115912115,455.4581512887911,D174
776,D776,-81.18388031719749,11.966727900430953,458.3851740408796,D175
777,D777,-78.65061958444414,18.33324727509341,463.12119633958855,D176
778,D778,-79.62616704583506,22.904975367565232,466.04821909167697,D177
779,D779,-76.25769639649609,28.943583606155173,470.78424139038594,D178
780,D780,-72.42534936486898,34.57656688727217,475.5202636890949,D179
781,D781,-72.41943690899204,39.2343194722578,478.44728644118334,D180
782,D782,-67.84716484503504,44.36971721595682,483.1833087398923,D181
783,D783,-67.18001005142303,49.007063686343905,486.1103314919808,D182
784,D784,-61.93258812159368,53.54627425782644,490.8463537906897,D183
785,D785,-56.38665617848295,57.54473807403724,495.5823760893987,D184
786,D786,-54.766475847963996,61.922705500710386,498.50939884148715,D185
787,D787,-48.69350953609477,65.19764857000784,503.2454211401961,D186
788,D788,-52.81020768231225,66.24052201045606,321.43642159354954,D187
789,D789,-58.950915058193104,62.5580649381173,316.7003992948406,D188
790,D790,-60.610949105041065,58.06977066643874,313.7733765427521,D189
791,D791,-66.17213296520936,53.65660554707738,309.0373542440432,D190
792,D792,-71.39679748135345,48.70602522008888,304.30133194533425,D191
793,D793,-72.07701252756078,43.951648320647145,301.3743091932458,D192
794,D794,-76.57388948214076,38.40936940266303,296.6382868945368,D193
795,D795,-76.5807995123905,33.634578874174274,293.7112641424744,D194
796,D796,-80.28585547018092,27.605837150040472,288.9752418437394,D195
797,D797,-83.4924039308466,21.1876474039714,284.23921954503044,D196
798,D798,-82.49038158164053,16.50146674840374,281.312196792942,D197
799,D799,-84.81366814178529,9.777537420116662,276.57617449423304,D198
800,D800,-84.58985594256956,-1.604817211396864,268.91312944343565,D199
801,D801,0.3087306329939764,3.5178263264291214,545.0155281000757,E0
802,D802,-3.0450037494321642,5.862969426773211,332.554348350265,E1
803,D803,-1.2428261103271687,9.590803316692979,532.6164607505675,E2
804,D804,2.628373400082454,11.683383282953859,372.67857315087053,E3
805,D805,0.07308751673928504,14.982061213828253,360.2795058013621,E4
806,D806,-4.472001530658009,12.433303488740464,340.21739340105995,E5
807,D807,-8.51575457137759,13.532385811331581,507.818326051552,E6
808,D808,-3.669816293197198,17.089694459162157,527.8804384518542,E7
809,D809,2.605004355631678,18.67139060989138,547.9425508521579,E8
810,D810,5.7577473408457625,15.530534833857146,560.3416182016651,E9
811,D811,5.932633063514334,21.240294605623916,375.6055959029521,E10
812,D812,-1.6233396571966172,20.828570562828023,355.5434835026499,E11
813,D813,-6.596342326404807,21.771783564502638,343.14441615314195,E12
814,D814,-8.159395782090836,17.88874442597537,335.4813711023461,E13
815,D815,-11.956288641019407,21.345424847789523,510.7453488036323,E14
816,D816,-4.068086651658823,25.137866609186666,530.8074612039361,E15
817,D817,1.332391743142495,23.782949576874167,543.2065285534441,E16
818,D818,4.983290537684063,25.952074074153725,550.8695736042398,E17
819,D819,9.814929607109057,22.824390064303884,563.2686409537462,E18
820,D820,9.153053268047403,27.303925069586974,378.532618655034,E19
821,D821,3.223750882105793,29.999130769353776,366.1335513055244,E20
822,D822,-0.7451676325299303,27.90780834938667,358.47050625473025,E21
823,D823,-7.0609411064423515,28.471070592644608,346.0714389052239,E22
824,D824,-9.939223777077235,25.114362538379957,338.40839385442644,E23
825,D825,-15.916735002866984,23.605817718982802,326.00932650492007,E24
826,D826,-17.524782274506947,29.09287795832158,508.93634925700206,E25
827,D827,-13.608521464133188,27.501356364615173,513.6723715557142,E26
828,D828,-10.480376966193765,31.0260782565217,521.3354166065084,E27
829,D829,-3.4363100852232957,31.298400885639392,533.734483956018,E28
830,D830,0.8170654960037079,33.491340731228426,541.3975290068122,E29
831,D831,7.695342864752911,31.33786032677667,553.7965963563186,E30
832,D832,12.52571233990419,31.864175762831817,381.45964140711595,E31
833,D833,10.705953754001882,35.63143000522394,376.72361910840374,E32
834,D834,5.575001619810329,34.959923225589506,369.06057405760635,E33
835,D835,-2.1272301094008417,36.46655283125884,356.6615067081,E34
836,D836,-6.62007587908404,34.05245664689264,348.9984616573026,E35
837,D837,-10.204189563849495,36.21141818559019,344.2624393585936,E36
838,D838,-14.233836209264963,32.89150077808072,336.59939430779616,E37
839,D839,-22.434659535895896,34.71502750743212,507.1273497103718,E38
840,D840,-18.24242345873137,34.112519495814546,511.8633720090807,E39
841,D841,-14.110262602448325,37.792722372038085,519.5264170598782,E40
842,D842,-5.523402272741997,38.933580544308214,531.9254844093846,E41
843,D843,-0.2941128538964541,40.95344355845842,539.5885294601819,E42
844,D844,2.8864593813003725,38.16991368307553,544.324551758891,E43
845,D845,8.298160644671903,39.08137488943489,551.9875968096883,E44
846,D846,13.975639603316132,39.13865360499202,559.6506418604856,E45
847,D847,16.07183873577854,35.452103247214104,564.3866641591947,E46
848,D848,17.468382214161675,42.01124598826637,382.5776646125677,E47
849,D849,11.333900709542013,42.552232448755376,374.9146195617702,E48
850,D850,5.367525223326821,42.182936000752925,367.25157451097283,E49
851,D851,1.9727368552237519,44.90340531964188,362.51555221226386,E50
852,D852,-3.899738950562973,43.29041650431954,354.85250716146646,E51
853,D853,-9.29758747528826,40.88867345780935,347.18946211066907,E52
854,D854,-13.382232358247473,42.32306333954581,342.4534398119601,E53
855,D855,-18.267356961568826,38.80322316473151,334.7903947611627,E54
856,D856,-22.608867776574417,39.24567032843293,330.0543724624537,E55
857,D857,-27.070945026555606,39.12217479089327,505.3183501637383,E56
858,D858,-22.228723377755756,43.591327772794614,512.9813952145291,E57
859,D859,-17.71328335831628,43.22687253705342,517.7174175132446,E58
860,D860,-12.139495229313521,46.53917647793244,525.3804625640421,E59
861,D861,-7.8681615374969285,45.159243155229994,530.116484862751,E60
862,D862,-1.8305456962477513,47.210736975684696,537.7795299135485,E61
863,D863,4.610771017093141,48.39302376336146,545.4425749643458,E62
864,D864,8.1962192490029,45.65050782874463,550.1785972630548,E63
865,D865,14.636481355606154,45.47372497967363,557.8416423138522,E64
866,D866,18.16769968784003,47.90571360898187,380.76866506593416,E65
867,D867,11.32391827185334,48.64002681234581,373.1056200151367,E66
868,D868,7.571931365066371,51.46597198216887,368.3695977164278,E67
869,D869,0.6257652032793063,50.74198911726886,360.70655266563034,E68
870,D870,-3.709765356814243,52.66284996083464,355.9705303669214,E69
871,D871,-5.987819013496889,49.07491915559588,353.04350761483295,E70
872,D872,-10.444723816898703,50.46886658514047,348.307485316124,E71
873,D873,-16.6549786652293,47.41171860058183,340.6444402653266,E72
874,D874,-21.356341275344665,47.761523694961234,335.90841796661766,E73
875,D875,-26.86783251624775,43.41009858560787,328.2453729158202,E74
876,D876,-31.0847036301236,46.85073985784409,506.4363733691867,E75
877,D877,-26.18553637913923,47.577003123394,511.17239566789567,E76
878,D878,-20.037967519824832,51.75589603456896,518.835440718693,E77
879,D879,-15.146536065804694,51.36904007805296,523.571463017415,E78
880,D880,-13.2300704717756,55.100794249978996,526.4984857694906,E79
881,D881,-8.345574832037837,54.12473176890755,531.2345080681994,E80
882,D882,-1.0764294852835452,55.936713193541735,538.8975531189968,E81
883,D883,3.42348799219708,53.910641157078466,543.6335754177057,E82
884,D884,10.816541446786124,54.14812375447517,551.2966204685032,E83
885,D885,14.710628058251698,51.191964347917384,556.0326427672252,E84
886,D886,18.321607238935957,53.33174437595464,558.9596655193006,E85
887,D887,21.893950086711087,49.886011228271904,563.6956878180096,E86
888,D888,22.125506990674864,55.075898982576135,381.88668827137604,E87
889,D889,14.310117041727962,56.4550607437932,374.22364322059167,E88
890,D890,9.89549545183534,59.21173520873522,369.4876209218697,E89
891,D891,6.524506998867428,56.731338489013844,366.5605981697943,E90
892,D892,1.8763721217701308,58.90237914827644,361.8245758710853,E91
893,D893,-3.083319157379318,60.625912512503575,357.08855357236337,E92
894,D894,-5.880745436866734,57.510768554884024,354.1615308202879,E93
895,D895,-10.94035604368816,58.60356098085965,349.4255085215659,E94
896,D896,-18.31034896602722,55.56852072659759,341.76246347078154,E95
897,D897,-23.532350536413286,55.50995349092542,337.02644117205955,E96
898,D898,-25.063166078769697,51.614219999027476,334.0994184199841,E97
899,D899,-30.165849865938693,50.93337398208545,329.3633961212752,E98
900,D900,-34.180988096181174,53.765980673365576,507.55439657464166,E99
901,D901,-28.841096648723596,54.91188109840758,512.2904188733506,E100
902,D902,-21.619986755784453,59.250646320072924,519.9534639241481,E101
903,D903,-16.20429699422918,59.190257578896784,524.689486222857,E102
904,D904,-13.746816899539942,62.61012152038351,527.6165089749454,E103
905,D905,-8.307499009679905,61.870757782150214,532.3525312736544,E104
906,D906,0.01725377342229591,63.46608768185286,540.0155763244518,E105
907,D907,5.117058506217211,61.56105272202507,544.7515986231608,E106
908,D908,8.616843603248794,63.91114116216736,547.6786213752362,E107
909,D909,13.506268347506436,61.355257234609866,552.4146436739582,E108
910,D910,18.02155144902811,58.39617688716187,557.1506659726672,E109
911,D911,21.922018844699767,59.977090124251845,560.0776887247556,E110
912,D912,26.093271533849496,56.435541525952125,564.8137110234645,E111
913,D913,25.98428297561187,61.20114170974803,383.004711476831,E112
914,D914,21.336384111149364,64.63372575310942,378.2686891781221,E113
915,D915,17.32876290317638,63.16278421332321,375.3416664260336,E114
916,D916,12.348824088799317,65.94942729312027,370.60564412732464,E115
917,D917,3.3939232673540616,66.02546725712722,362.94259907652724,E116
918,D918,-2.1186459670900053,67.66379729416708,358.20657677781827,E117
919,D919,-5.358570151397723,64.89397038708,355.27955402572985,E118
920,D920,-10.962444610550587,65.81613448206002,350.5435317270209,E119
921,D921,-16.744103438871093,66.20854048656955,345.80750942831196,E120
922,D922,-19.349934041126748,62.82180694316301,342.8804866762234,E121
923,D923,-25.063860018348972,62.488393956909626,338.1444643775145,E122
924,D924,-27.133526569617626,58.76930947268187,335.2174416254261,E123
925,D925,-32.69004336442081,57.735761432284065,330.48141932671706,E124
926,D926,-38.23406497737416,56.14454953040942,325.74539702800814,E125
927,D927,-36.606164369379215,60.14132817923122,508.6724197800836,E126
928,D928,-30.834322732122423,61.597386984497845,513.4084420788056,E127
929,D929,-28.630391906565627,65.3316972018672,516.3354648308809,E128
930,D930,-22.65133990556114,66.05187141292366,521.07148712959,E129
931,D931,-13.823180940465626,69.39590737467026,528.7345321803873,E130
932,D932,-7.874117481337261,68.79588274179956,533.4705544790963,E131
933,D933,-4.5037571021456575,71.53689844151435,536.3975772311848,E132
934,D934,1.38850587126617,70.17041139097584,541.1335995298937,E133
935,D935,7.02124236558258,68.29728878691854,545.8696218286157,E134
936,D936,10.874838430862132,70.27440392800196,548.7966445806911,E135
937,D937,16.287383662521776,67.67184058698136,553.5326668794,E136
938,D938,20.407796136039764,69.07398345399788,556.4596896314886,E137
939,D939,25.50357446313964,65.76673885485802,561.1957119301975,E138
940,D940,29.80552753005002,66.56022263325718,384.12273468228597,E139
941,D941,24.685958516505202,70.1515020779174,379.38671238357705,E140
942,D942,19.16671767197787,73.31619063128342,374.6506900848681,E141
943,D943,14.931056558851905,71.94966272820903,371.7236673327796,E142
944,D944,9.113345173852272,74.35478760471462,366.9876450340707,E143
945,D945,5.13996523560395,72.40394878073606,364.0606222819822,E144
946,D946,-0.8726664880750921,74.02693143850142,359.32459998327323,E145
947,D947,-7.11547352167263,75.11401496988235,354.5885776845643,E146
948,D948,-10.607118689817442,72.36917702378635,351.66155493247584,E147
949,D949,-16.870720750189808,72.6442331826997,346.92553263376686,E148
950,D950,-19.91432894779723,69.44270211878944,343.9985098816784,E149
951,D951,-23.241669122250144,72.34381613571757,342.18951033503185,E150
952,D952,-26.094249518502625,68.91992890593735,339.26248758296947,E151
953,D953,-32.30824000661777,67.81623086947144,334.52646528426055,E152
954,D954,-34.626349964695606,64.03860532097617,331.599442532172,E153
955,D955,-40.58358305144754,62.16829540346853,326.8634202334631,E154
956,D956,-44.61526701478372,63.84618749410872,505.05442068681657,E155
957,D957,-38.50063827747097,66.1253467078044,509.7904429855255,E156
958,D958,-36.086358526063535,69.9683629339842,512.717465737614,E157
959,D959,-29.66544911898324,71.45460886863084,517.4534880363229,E158
960,D960,-26.711788833224656,74.93475025422148,520.3805107884114,E159
961,D961,-20.088439429667666,75.58567308875786,525.1165330871204,E160
962,D962,-13.53822597280373,75.64032475588645,529.8525553858293,E161
963,D963,-9.93457209258455,78.41545145784241,532.7795781379177,E162
964,D964,-3.3676416724525993,77.61662615852758,537.5156004366268,E163
965,D965,2.9981967272541628,76.25415004914825,542.2516227353357,E164
966,D966,7.088032524461055,78.20729401148495,545.1786454874241,E165
967,D967,13.286577093562942,76.01375419929042,549.9146677861331,E166
968,D968,17.63776537958931,77.3722795908278,552.8416905382215,E167
969,D969,23.558955394809445,74.36759343987616,557.5777128369305,E168
970,D970,29.098212008302568,70.90035477992954,562.3137351356395,E169
971,D971,32.72265361389296,75.5027429333874,383.4317583411074,E170
972,D972,28.085108519096764,75.09811230075776,380.50473558901894,E171
973,D973,26.786755471000976,79.15745741665867,378.69573604239844,E172
974,D974,22.145091674339756,78.42252093458286,375.76871329031,E173
975,D975,15.841489886007423,81.24986865543144,371.03269099160104,E174
976,D976,11.376071197627587,79.8757942314598,368.10566823951257,E175
977,D977,4.818880083550456,81.8433441281189,363.36964594080365,E176
978,D978,0.6169791838850422,79.86386831156284,360.4426231887152,E177
979,D979,-1.985566417015441,83.24427423354886,358.6336236420947,E178
980,D980,-6.077641756670938,80.95478663433623,355.7066008900062,E179
981,D981,-12.944223371248446,81.45587377827269,350.9705785912973,E180
982,D982,-16.650533007271502,78.62846548106542,348.0435558392088,E181
983,D983,-23.461409153343755,78.23832307255866,343.3075335404999,E182
984,D984,-30.311460787819353,77.23267019149661,338.5715112417909,E183
985,D985,-33.352540638568684,73.67727990784736,335.64448848970244,E184
986,D986,-39.95399974338768,71.80813693102876,330.9084661909935,E185
987,D987,-42.44795435023979,67.88199568476627,327.981443438905,E186
988,D988,-46.45896757764206,69.32742631854248,326.17244389228455,E187
989,D989,-43.90069349351163,73.35116411792939,509.09946664434693,E188
990,D990,-37.143768985260415,75.60428234500303,513.8354889430559,E189
991,D991,-34.02830213813402,79.25072993520331,516.7625116951444,E190
992,D992,-26.975956774342478,80.61578142300762,521.4985339938532,E191
993,D993,-19.92889696509849,81.34770089409096,526.2345562925883,E192
994,D994,-16.12934213207102,84.24600973173703,529.1615790446508,E193
995,D995,-8.986163979724044,84.05235039503363,533.8976013433596,E194
996,D996,2.3232133209844372,85.27069135913699,541.5606463941572,E195
997,D997,9.218369253773457,83.54347796188372,546.296668692866,E196
998,D998,13.795529330712267,84.953580680778,549.2236914449545,E197
999,D999,20.463361556119505,82.32060040166249,553.9597137436635,E198
1000,D1000,31.540941772732392,79.57096696506693,561.6227587944609,E199
1001,D1001,4.711150712327623,2.996848450022389,597.5388202501892,F0
1002,D1002,8.793212645757041,1.93316313326935,437.600932650492,F1
1003,D1003,7.509369392285651,7.472825525208214,405.13975290068106,F2
1004,D1004,3.346829345375147,7.151979912322816,385.0776405003785,F3
1005,D1005,7.519229135054467,11.694128934977645,572.7406855511731,F4
1006,D1006,11.558409983762308,5.340278580180107,605.201865300984,F5
1007,D1007,16.358984914657217,5.043649891565062,432.864910351779,F6
1008,D1008,12.421555315787563,9.42751762325745,412.802797951476,F7
1009,D1009,11.67120606647428,13.71181177989354,400.40373060196805,F8
1010,D1010,9.45274461993465,17.774536866454866,568.00466325246,F9
1011,D1011,15.871412496489466,14.25722531559389,588.0667756527622,F10
1012,D1012,16.828728419197322,9.534484768087914,600.4658430022702,F11
1013,D1013,20.855821068062845,8.371774159456649,608.128888053066,F12
1014,D1014,20.310379594806385,3.388605521676892,620.527955402574,F13
1015,D1015,24.44744204358241,6.189816437155411,435.7919331038601,F14
1016,D1016,20.006689987868103,13.632385670258587,415.72982070355795,F15
1017,D1017,17.724488448448177,18.7885550510808,403.33075335405,F16
1018,D1018,13.502227181056098,18.812702565495915,395.6677083032542,F17
1019,D1019,14.060232293107383,23.46347944921768,570.9316860045403,F18
1020,D1020,18.496339549324286,23.17433490471954,578.5947310553345,F19
1021,D1021,21.953056432114156,17.781169251629045,590.9937984048441,F20
1022,D1022,23.94196323562945,11.992971056293815,603.3928657543538,F21
1023,D1023,27.54296546899738,9.453749864839416,611.055910805148,F22
1024,D1024,27.51302252409246,3.1566147355641934,623.4549781546543,F23
1025,D1025,30.68332198812782,6.120576778883273,438.71895585594206,F24
1026,D1026,29.816149840526567,13.0760324775497,426.31988850643245,F25
1027,D1027,26.032189643512034,15.854688392740226,418.6568434556383,F26
1028,D1028,27.30058758098922,19.892738442274283,413.9208211569261,F27
1029,D1029,22.961247505418395,21.97464136214554,406.2577761061319,F28
1030,D1030,18.404081586832035,27.430844669433046,393.8587087566223,F29
1031,D1031,13.679036422601234,27.80478458615499,386.19566370582817,F30
1032,D1032,17.568848613952305,31.535600518250682,569.12268645791,F31
1033,D1033,22.67716318035639,30.328933162215822,576.7857315087075,F32
1034,D1034,23.174181069668666,26.173615819820235,581.5217538074164,F33
1035,D1035,27.838697381030613,24.042610849504943,589.1847988582139,F34
1036,D1036,31.367768583454094,16.971906024217507,601.5838662077202,F35
1037,D1037,35.02533372770862,13.272071136888808,609.2469112585177,F36
1038,D1038,33.17009309837384,9.522064666440711,613.9829335572299,F37
1039,D1039,35.97166987524938,5.2823416259025375,621.645978608024,F38
1040,D1040,40.61907393234331,3.85894517696581,444.573001360106,F39
1041,D1041,38.146863363795184,8.87006569896417,436.90995630930854,F40
1042,D1042,39.777454518098764,12.79110805966071,432.1739340105996,F41
1043,D1043,36.27462850815852,17.29364868755077,424.5108889598022,F42
1044,D1044,32.251818617085156,21.066555941206264,416.8478439090048,F43
1045,D1045,32.501466878120084,25.290933502682925,412.11182161029586,F44
1046,D1046,27.703120348304154,28.241359999724573,404.4487765594984,F45
1047,D1047,21.529778561387896,34.38842298067189,392.04970920999205,F46
1048,D1048,19.779510329880996,38.29964822871698,567.3136869112766,F47
1049,D1049,25.565844193499288,36.54338611851743,574.9767319620739,F48
1050,D1050,26.93440348961759,32.42795528025897,579.712754260783,F49
1051,D1051,32.14049383682896,29.579763452819552,587.3757993115803,F50
1052,D1052,37.00580851198914,25.87437460836478,595.0388443623779,F51
1053,D1053,36.93177763156357,21.516501635707588,599.7748666610867,F52
1054,D1054,40.86113425414796,16.977135333476106,607.4379117118841,F53
1055,D1055,42.64228758661594,7.644149247213387,619.8369790613905,F54
1056,D1056,46.738827246649635,5.9343234049475715,442.7640018134725,F55
1057,D1057,48.23998977192338,10.229107331762997,438.027979514757,F56
1058,D1058,44.16680551622327,11.751088552077897,435.100956762675,F57
1059,D1059,45.177409150729474,16.118113333376964,430.3649344639661,F58
1060,D1060,41.39398415680155,21.363299736381123,422.7018894131687,F59
1061,D1061,41.37289150246103,25.886935547857377,417.96586711445974,F60
1062,D1062,36.5046992143904,30.303748012419497,410.30282206366235,F61
1063,D1063,31.18901753149523,33.87057747888891,402.6397770128649,F62
1064,D1064,29.66660805486,38.10328441467982,397.903754714156,F63
1065,D1065,23.628045260251817,40.53077866074322,390.24070966335853,F64
1066,D1066,21.15143313553156,44.33556700114635,385.5046873646431,F65
1067,D1067,24.994520581579813,46.16531191522826,568.4317101167316,F66
1068,D1068,27.594075234317675,42.22004277547356,573.1677324154405,F67
1069,D1069,33.815598367188066,39.13322989569131,580.8307774662379,F68
1070,D1070,35.43750020964627,34.74321330213984,585.5667997649468,F69
1071,D1071,39.66856154293369,35.10340403884618,588.4938225170354,F70
1072,D1072,40.79699126195528,30.48691802459887,593.2298448157443,F71
1073,D1073,45.60730774834444,25.392115343438167,600.8928898665417,F72
1074,D1074,45.660945120424365,20.684947402469444,605.6289121652507,F73
1075,D1075,49.24647510540659,14.782186002953122,613.2919572160481,F74
1076,D1076,52.020109067036046,8.281060378176674,620.9550022668454,F75
1077,D1077,55.5175019862253,5.950725995719866,443.8820250189209,F76
1078,D1078,53.07717957225379,13.018363964853364,436.2189799681235,F77
1079,D1079,53.62872932020809,17.961661017284946,431.48295766941453,F78
1080,D1080,49.739669634373776,19.53690562320509,428.55593491733913,F79
1081,D1081,49.70496709639826,24.43642252757072,423.81991261861714,F80
1082,D1082,45.01008165345325,30.180716932330675,416.1568675678197,F81
1083,D1083,43.86696809897992,34.99241800928326,411.42084526911077,F82
1084,D1084,37.993587501386244,39.67780414927016,403.7578002183134,F83
1085,D1085,35.78210931107718,44.152899903820476,399.0217779196044,F84
1086,D1086,31.653483386244737,43.41610816102776,396.0947551675159,F85
1087,D1087,28.969204388787396,47.53613087691643,391.358732868807,F86
1088,D1088,25.784620628505863,51.439760536418035,566.622710570098,F87
1089,D1089,29.811150559041927,52.584478562399646,569.5497333221736,F88
1090,D1090,33.048419767308275,48.47305386380961,574.2857556208954,F89
1091,D1091,39.95602644727282,44.455487012795565,581.9488006716799,F90
1092,D1092,42.18006308956001,39.76958095614541,586.6848229704018,F91
1093,D1093,48.0154154936664,34.44178482072679,594.3478680211992,F92
1094,D1094,49.13210737504544,29.423725260754086,599.0838903199082,F93
1095,D1095,53.148676009090245,28.246668478732516,602.0109130719836,F94
1096,D1096,53.656951956479084,23.056245684703942,606.7469353707056,F95
1097,D1097,57.32187167764408,15.993791317415612,614.40998042149,F96
1098,D1098,56.670408561690586,10.865819962205629,619.146002720212,F97
1099,D1099,60.0223977209849,8.35760014341677,622.0730254722874,F98
1100,D1100,60.81003786186572,13.662872571502842,437.33700317357847,F99
1101,D1101,61.07567368151171,19.138807678366415,432.6009808748695,F100
1102,D1102,57.45159268700187,21.28168025306039,429.673958122781,F101
1103,D1103,57.04401356266657,26.675325989803994,424.9379358240721,F102
1104,D1104,52.09553254718343,33.47698632830248,417.27489077327465,F103
1105,D1105,50.494072238257836,38.69106973360821,412.53886847456573,F104
1106,D1106,46.35396215320617,39.43379188841887,409.61184572247726,F105
1107,D1107,44.15165865380716,44.343453535454685,404.8758234237683,F106
1108,D1108,41.41729425590652,49.11533012396761,400.13980112505936,F107
1109,D1109,37.206165510677785,48.99461915685623,397.2127783729709,F108
1110,D1110,33.946448348874796,53.33298403580885,392.47675607426197,F109
1111,D1111,30.19745633635709,57.41845744892323,567.74073377554,F110
1112,D1112,34.41179190742779,58.030428751244116,570.6677565276284,F111
1113,D1113,38.164521307315354,53.69519823395266,575.4037788263374,F112
1114,D1114,45.65737410202871,48.847196082348454,583.0668238771348,F113
1115,D1115,48.345834980419426,43.83295029669713,587.8028461758438,F114
1116,D1116,52.515822000594,42.938004024429546,590.7298689279322,F115
1117,D1117,54.57927044015396,37.55915207891683,595.4658912266411,F116
1118,D1118,56.088464218291996,32.11967878056556,600.2019135253502,F117
1119,D1119,59.975234834673294,30.389097521849113,603.1289362774386,F118
1120,D1120,60.801655563552,24.732319726716273,607.8649585761475,F119
1121,D1121,64.40488946770185,22.438262618121183,610.791981328236,F120
1122,D1122,64.51517986252675,16.65112310443822,615.528003626945,F121
1123,D1123,64.08256968321905,10.99524955584789,620.2640259256539,F122
1124,D1124,67.12797383107335,8.015162984497946,623.1910486777424,F123
1125,D1125,70.78318373828462,10.727634868517754,441.38204913110883,F124
1126,D1126,67.75578450091675,13.840464527319714,438.45502637903337,F125
1127,D1127,67.83705401467591,19.812520728315768,433.71900408031144,F126
1128,D1128,67.35516758282832,25.878183054891018,428.98298178160246,F127
1129,D1129,63.73698991357433,28.30297893785961,426.055959029514,F128
1130,D1130,62.50177563999477,34.19046102615597,421.31993673080507,F129
1131,D1131,58.58867894470968,36.05398486317057,418.3929139787296,F130
1132,D1132,56.639349870998714,41.671384120568064,413.6568916800076,F131
1133,D1133,54.12974441290634,47.18567644381187,408.9208693812987,F132
1134,D1134,49.90260055088886,48.20073953366025,405.9938466292102,F133
1135,D1135,46.74916704287451,53.292525718566594,401.2578243305013,F134
1136,D1136,42.4402365214703,53.679304972540336,398.33080157842585,F135
1137,D1137,38.71090000557457,58.27610798968196,393.59477927970386,F136
1138,D1138,34.49066861822148,62.586175815974194,388.85875698099494,F137
1139,D1139,30.182249015574598,62.07037144264979,385.9317342289195,F138
1140,D1140,34.21799731506341,67.01266914854966,567.0497574343744,F139
1141,D1141,38.884945446365144,62.74976574431606,571.7857797330834,F140
1142,D1142,43.0701086527035,58.15961434401294,576.5218020317923,F141
1143,D1143,47.46533352664842,57.68495099709593,579.4488247838808,F142
1144,D1144,51.06749543798528,52.54165285458149,584.1848470825897,F143
1145,D1145,55.3719570741091,51.433424960003904,587.1118698346781,F144
1146,D1146,58.31612576401466,45.81138751310231,591.8478921333872,F145
1147,D1147,60.69463866369263,40.04519327148333,596.5839144320961,F146
1148,D1148,64.66042736923185,38.07127864188821,599.5109371841845,F147
1149,D1149,66.29847964399463,31.98292729819295,604.2469594828935,F148
1150,D1150,69.95922233551875,29.44553803565924,607.1739822349559,F149
1151,D1151,70.81162741655724,23.131122741564973,611.9100045336909,F150
1152,D1152,71.08175238110711,16.87373141199978,616.6460268323999,F151
1153,D1153,74.12301120747239,13.640161333488322,619.5730495844883,F152
1154,D1154,73.58333616200896,7.3328267129474956,624.3090718831972,F153
1155,D1155,76.9454043132631,10.129955827567704,442.5000723365508,F154
1156,D1156,77.16953374618119,16.73533372031577,437.7640500378418,F155
1157,D1157,74.08875246817253,20.078063470112316,434.8370272857533,F156
1158,D1158,73.46500967798804,26.592504796398146,430.1010049870444,F157
1159,D1159,72.2412516577674,33.12804854780588,425.36498268833543,F158
1160,D1160,68.51600615233328,35.761522398616705,422.437959936247,F159
1161,D1161,66.4785999109379,42.02287972697865,417.70193763753804,F160
1162,D1162,62.4396069875995,44.08725085064219,414.77491488544956,F161
1163,D1163,59.63981157304525,49.974795319223915,410.03889258674064,F162
1164,D1164,56.270029349110516,55.6782558280182,405.30287028803167,F163
1165,D1165,51.87300527276034,56.85630343804321,402.3758475359432,F164
1166,D1166,47.83523497402944,62.026085600974284,397.6398252372343,F165
1167,D1167,43.341008836726246,62.56249271473671,394.7128024851458,F166
1168,D1168,43.2796022956641,66.89034391048142,392.9038029385253,F167
1169,D1169,38.71717337412206,67.12291792613141,389.9767801864368,F168
1170,D1170,33.62122420886525,71.31701053066195,385.2407578877279,F169
1171,D1171,38.231914957318324,71.39859834312608,568.1677806398163,F170
1172,D1172,42.90741398303322,71.14302109334834,571.0948033919049,F171
1173,D1173,47.88214258625317,66.31499802470319,575.8308256906138,F172
1174,D1174,52.344401966045965,61.142824935967234,580.5668479893227,F173
1175,D1175,56.84566957049828,59.9156721380007,583.4938707414112,F174
1176,D1176,60.633769365000944,54.15594931238123,588.2298930401201,F175
1177,D1177,64.9420476322193,52.29519806828564,591.1569157922086,F176
1178,D1178,63.84883458991354,48.17312603007883,592.9659153388291,F177
1179,D1179,67.97732444388511,46.03632880437049,595.8929380909176,F178
1180,D1180,70.41208338941591,39.628293399564186,600.6289603896265,F179
1181,D1181,74.21962862194813,36.91403947759482,603.5559831417149,F180
1182,D1182,75.81666484968297,30.183370107906224,608.292005440424,F181
1183,D1183,76.79747904165764,23.438272750201147,613.0280277391329,F182
1184,D1184,79.9389522963875,19.99764438017353,615.9550504912213,F183
1185,D1185,80.03764268617863,13.119471975131558,620.6910727899303,F184
1186,D1186,82.67749501780679,9.24732759128463,623.6180955420188,F185
1187,D1187,85.58192008402247,12.318674701389734,441.8090959953722,F186
1188,D1188,82.87248613104636,16.28586429370153,438.88207324328374,F187
1189,D1189,82.44335958424769,23.412985224637684,434.14605094457477,F188
1190,D1190,79.22341076833962,26.940492656302048,431.2190281925124,F189
1191,D1191,77.88143013390722,33.89128032346954,426.4830058937774,F190
1192,D1192,75.90862468685519,40.79232554231444,421.7469835950684,F191
1193,D1193,72.00411968035068,43.5729665701614,418.81996084298,F192
1194,D1194,69.17315845049993,50.10257378600456,414.083938544271,F193
1195,D1195,61.31657711455543,58.34836540945066,406.4208934934736,F194
1196,D1196,57.11644556207861,64.14018322929428,401.68487119476464,F195
1197,D1197,52.501944072675016,65.39771302262567,398.75784844267616,F196
1198,D1198,47.62504213080226,70.54904283810407,394.02182614396725,F197
1199,D1199,42.24231017368093,75.31863247468848,389.2858038452583,F198
1200,D1200,37.449167213756226,75.57732850087689,386.3587810931698,F199
